,math score,reading score,writing score,language mean score
math score,1.0,0.8175796636720539,0.8026420459498075,0.8193107911618355
reading score,0.8175796636720539,1.0,0.9545980771462476,0.9881208636589516
writing score,0.8026420459498075,0.9545980771462476,1.0,0.989038686847187
language mean score,0.8193107911618355,0.9881208636589516,0.989038686847187,1.0
