,gender,race/ethnicity,parental level of education,lunch,test preparation course
math score,0.16798223810035562,0.2164154482980887,-0.06827926733518705,0.350876645591861,0.17770246930439496
language mean score,-0.2764925344750073,0.15747271984723338,-0.0793959338264232,0.24057163545345067,0.28128422720882235
